{"train_loss": [0.49941200017929077, 0.38519230484962463, 0.3314768373966217, 0.29971352219581604, 0.2748895585536957, 0.25841155648231506, 0.2491675764322281, 0.22809869050979614, 0.22019122540950775, 0.20905624330043793, 0.19935165345668793, 0.19774016737937927, 0.1916646659374237, 0.18013730645179749, 0.17476068437099457, 0.16810490190982819, 0.16537873446941376, 0.16475963592529297, 0.15897540748119354], "val_loss": [0.5322921276092529, 0.4155210554599762, 0.37262094020843506, 0.35347265005111694, 0.3422376811504364, 0.33833959698677063, 0.3369942605495453, 0.33692067861557007, 0.3287866711616516, 0.336352676153183, 0.34084245562553406, 0.34173375368118286, 0.34485912322998047, 0.35043448209762573, 0.3513154089450836, 0.34807807207107544, 0.3528696596622467, 0.36230194568634033, 0.3618047833442688], "train_acc": [0.8200430870056152, 0.8538793325424194, 0.8726292848587036, 0.8825430870056152, 0.8898707032203674, 0.8974137902259827, 0.9006465673446655, 0.9088361859321594, 0.9105603694915771, 0.9159482717514038, 0.9200431108474731, 0.9193965196609497, 0.9217672348022461, 0.9262930750846863, 0.9306034445762634, 0.9325430989265442, 0.9346982836723328, 0.9321120381355286, 0.9353448152542114], "val_acc": [0.8160803914070129, 0.8582914471626282, 0.8623115420341492, 0.8663316369056702, 0.8703517317771912, 0.8723617792129517, 0.8753768801689148, 0.8683416843414307, 0.8733668327331543, 0.8733668327331543, 0.8673366904258728, 0.8683416843414307, 0.8582914471626282, 0.8683416843414307, 0.8693467378616333, 0.8703517317771912, 0.8673366904258728, 0.8683416843414307, 0.8683416843414307], "learning_rate": [0.0002, 0.0002, 0.0002, 0.0002, 0.0002, 0.0002, 0.0002, 0.0002, 0.0002, 0.0002, 0.0002, 0.0002, 0.0002, 0.0002, 0.0002, 0.0002, 0.0002, 0.0002, 0.0002]}