{"train_loss": [1.1193808317184448, 1.1084176301956177, 1.1027578115463257, 1.0876407623291016, 1.0884336233139038, 1.0867574214935303, 1.0646047592163086, 1.076097846031189, 1.0572757720947266, 1.0546287298202515, 1.052397608757019, 1.0376803874969482, 1.0327298641204834, 1.0067402124404907, 1.0068798065185547, 1.0008822679519653, 0.9731058478355408, 0.9433618783950806, 0.9436125159263611, 0.9176889657974243, 0.8931844234466553, 0.8625651001930237, 0.8590019345283508, 0.8140813708305359, 0.8248485922813416, 0.8123754858970642, 0.8104941248893738, 0.8031483292579651, 0.7888364791870117, 0.7630997896194458, 0.7405195236206055, 0.7200559973716736, 0.7221909761428833, 0.7068073749542236, 0.6916282773017883, 0.7130730152130127, 0.688291072845459, 0.6635581851005554, 0.6597756147384644, 0.6630088686943054, 0.6386194825172424, 0.6464263200759888, 0.6274710893630981, 0.6341783404350281, 0.6203248500823975, 0.5876675844192505, 0.618107259273529, 0.5792578458786011, 0.5855326652526855, 0.5637297630310059, 0.5215866565704346, 0.5401567220687866, 0.5054781436920166, 0.5117676258087158, 0.47500932216644287, 0.47077369689941406, 0.45081618428230286, 0.46048662066459656, 0.4474429488182068, 0.4374762773513794, 0.41926679015159607, 0.42138388752937317, 0.43959882855415344, 0.40306857228279114, 0.39320316910743713, 0.401555597782135, 0.39207690954208374, 0.3768383264541626, 0.4048551619052887, 0.38248178362846375, 0.36900123953819275, 0.34844881296157837, 0.371459037065506, 0.36334657669067383, 0.35327038168907166, 0.36263975501060486, 0.3539729714393616, 0.33762291073799133, 0.3497435748577118, 0.34299105405807495, 0.3339666724205017, 0.33060014247894287, 0.3248489499092102, 0.3302832841873169, 0.332627534866333, 0.31272971630096436, 0.3260684907436371, 0.3234342932701111, 0.31561896204948425, 0.3347693085670471, 0.31785908341407776], "val_loss": [1.1163493394851685, 1.1047273874282837, 1.1004621982574463, 1.0884835720062256, 1.0880663394927979, 1.0869543552398682, 1.068407654762268, 1.078348994255066, 1.061848759651184, 1.0601799488067627, 1.0576977729797363, 1.0437566041946411, 1.038545846939087, 1.015586018562317, 1.0109193325042725, 1.0086745023727417, 0.9822930097579956, 0.9533654451370239, 0.959012508392334, 0.9324249029159546, 0.9072897434234619, 0.8816017508506775, 0.8748418688774109, 0.8343905210494995, 0.8455835580825806, 0.833890974521637, 0.8327712416648865, 0.828280508518219, 0.8170033693313599, 0.7945526838302612, 0.774316668510437, 0.7560101747512817, 0.7634073495864868, 0.7521876096725464, 0.7346925735473633, 0.7635506987571716, 0.7355858683586121, 0.7125064134597778, 0.7110032439231873, 0.71188884973526, 0.6958984136581421, 0.7059261202812195, 0.691750168800354, 0.7028478980064392, 0.6937000751495361, 0.663750410079956, 0.6796351075172424, 0.6531441807746887, 0.6645685434341431, 0.6407338976860046, 0.6238009333610535, 0.6286100745201111, 0.6004467606544495, 0.6074877381324768, 0.5802339911460876, 0.575340211391449, 0.5683481097221375, 0.5715764164924622, 0.5642402172088623, 0.5605250597000122, 0.5558487176895142, 0.554595410823822, 0.5623483061790466, 0.5491082668304443, 0.5416234731674194, 0.540915310382843, 0.5336458086967468, 0.5346714854240417, 0.5346056818962097, 0.5312614440917969, 0.5367283821105957, 0.5292039513587952, 0.5429322123527527, 0.5342845916748047, 0.5285385251045227, 0.5341181755065918, 0.5163919925689697, 0.5169839859008789, 0.5252482295036316, 0.5292374491691589, 0.5152751803398132, 0.5305522084236145, 0.5286575555801392, 0.5191188454627991, 0.5164379477500916, 0.5374220013618469, 0.5292414426803589, 0.5240429043769836, 0.539165735244751, 0.5225462317466736, 0.5284512639045715], "train_acc": [0.3473908305168152, 0.37870073318481445, 0.34653887152671814, 0.42428115010261536, 0.40383386611938477, 0.41469648480415344, 0.46347177028656006, 0.425772100687027, 0.46730563044548035, 0.45857295393943787, 0.45069220662117004, 0.47092652320861816, 0.48178914189338684, 0.5158679485321045, 0.49563363194465637, 0.5120340585708618, 0.5346112847328186, 0.5646432042121887, 0.5503727197647095, 0.5663471817970276, 0.5853034853935242, 0.6066027879714966, 0.6161873936653137, 0.6349307894706726, 0.6200212836265564, 0.6255590915679932, 0.6221511960029602, 0.6202342510223389, 0.6210862398147583, 0.6411075592041016, 0.6487752795219421, 0.6504791975021362, 0.6440894603729248, 0.650905191898346, 0.6589989066123962, 0.6374866962432861, 0.6451544165611267, 0.6687965989112854, 0.6585729122161865, 0.6615548133850098, 0.6724174618721008, 0.6700745224952698, 0.6847710013389587, 0.6760383248329163, 0.6851969957351685, 0.7814696431159973, 0.7337592840194702, 0.8048987984657288, 0.8183173537254333, 0.8257721066474915, 0.8822150826454163, 0.8760383129119873, 0.8779552578926086, 0.8832800984382629, 0.8977635502815247, 0.9103301167488098, 0.9103301167488098, 0.9073482155799866, 0.910969078540802, 0.9088391661643982, 0.9182108640670776, 0.9211927652359009, 0.9067092537879944, 0.9288604855537415, 0.9220446944236755, 0.9192758202552795, 0.9235356450080872, 0.9309903979301453, 0.9177848696708679, 0.9224706888198853, 0.9205537438392639, 0.9292864799499512, 0.9237486720085144, 0.9267305731773376, 0.9324813485145569, 0.9277955293655396, 0.9335463047027588, 0.9331203103065491, 0.9322683811187744, 0.9348242878913879, 0.9343982934951782, 0.9356762170791626, 0.9395101070404053, 0.9373801946640015, 0.9297124147415161, 0.9375931620597839, 0.9382321238517761, 0.9375931620597839, 0.9416400194168091, 0.9316293597221375, 0.9422789812088013], "val_acc": [0.34974873065948486, 0.38291457295417786, 0.34773868322372437, 0.41005024313926697, 0.39899498224258423, 0.41005024313926697, 0.4502512514591217, 0.42010051012039185, 0.4462311565876007, 0.44321608543395996, 0.4402010142803192, 0.46130654215812683, 0.4663316607475281, 0.5005025267601013, 0.4894472360610962, 0.49849244952201843, 0.5276381969451904, 0.5507537722587585, 0.5296482443809509, 0.5537688136100769, 0.5788944959640503, 0.5989949703216553, 0.6060301661491394, 0.6180904507637024, 0.6100502610206604, 0.6110552549362183, 0.6140703558921814, 0.6180904507637024, 0.6110552549362183, 0.6261306405067444, 0.6361808776855469, 0.6422110199928284, 0.623115599155426, 0.631155788898468, 0.6381909251213074, 0.623115599155426, 0.6341708302497864, 0.6522613167762756, 0.6442211270332336, 0.6522613167762756, 0.6613065004348755, 0.6502512693405151, 0.663316547870636, 0.6623115539550781, 0.6783919334411621, 0.741708517074585, 0.7085427045822144, 0.7668341398239136, 0.7788944840431213, 0.7778894305229187, 0.839195966720581, 0.8371859192848206, 0.8301507234573364, 0.8381909728050232, 0.839195966720581, 0.8592965006828308, 0.8572863936424255, 0.8462311625480652, 0.8422110676765442, 0.8522613048553467, 0.8592965006828308, 0.8572863936424255, 0.8452261090278625, 0.851256251335144, 0.8562813997268677, 0.851256251335144, 0.8572863936424255, 0.8613065481185913, 0.8572863936424255, 0.855276346206665, 0.8502512574195862, 0.8653266429901123, 0.8582914471626282, 0.8492462038993835, 0.8542713522911072, 0.8643215894699097, 0.8623115420341492, 0.8603014945983887, 0.8582914471626282, 0.8592965006828308, 0.8603014945983887, 0.8613065481185913, 0.8663316369056702, 0.8582914471626282, 0.8572863936424255, 0.8623115420341492, 0.8623115420341492, 0.8542713522911072, 0.8562813997268677, 0.8572863936424255, 0.8613065481185913],