{"train_loss": [38.55832290649414, 5.654036998748779, 3.631930112838745, 2.5449507236480713, 2.0136559009552, 1.6418694257736206, 1.1175048351287842, 0.9262635111808777, 0.6949014067649841, 0.42905285954475403, 0.541205883026123, 0.5264023542404175, 0.46293580532073975, 0.4219062924385071, 0.375958114862442, 0.33999577164649963, 0.32879579067230225, 0.2045445442199707, 0.26087698340415955, 0.24577432870864868, 0.23199217021465302, 0.24459315836429596, 0.2560047507286072, 0.16956476867198944, 0.16795694828033447, 0.17296089231967926, 0.12954318523406982, 0.1280750036239624, 0.16256871819496155, 0.10594257712364197, 0.10684774816036224, 0.12185119092464447, 0.12689197063446045, 0.10805942863225937, 0.09219170361757278, 0.0989268496632576, 0.09551931917667389, 0.1248064637184143, 0.09589932858943939, 0.09301124513149261, 0.09152522683143616, 0.09365206956863403, 0.10175350308418274, 0.1358146369457245, 0.09178153425455093, 0.08873771876096725, 0.08586367964744568, 0.09304169565439224, 0.09724358469247818, 0.10713422298431396, 0.0759420394897461, 0.08170832693576813, 0.07196559011936188, 0.08370019495487213, 0.07701121270656586, 0.07032160460948944, 0.07519087195396423, 0.07934245467185974, 0.07365696132183075, 0.07453494518995285, 0.07189967483282089, 0.07217548787593842, 0.06665384024381638], "val_loss": [39.02501678466797, 5.87009859085083, 3.8702452182769775, 2.776479482650757, 2.2294564247131348, 1.837700605392456, 1.271946668624878, 1.1041849851608276, 0.8566358089447021, 0.5576445460319519, 0.6693238019943237, 0.6612468957901001, 0.5846070051193237, 0.5405279397964478, 0.5136548280715942, 0.49512195587158203, 0.46778759360313416, 0.33193492889404297, 0.4009767770767212, 0.38705238699913025, 0.3628585636615753, 0.3747013211250305, 0.389890193939209, 0.3030116856098175, 0.300546795129776, 0.32111552357673645, 0.2687617838382721, 0.25603294372558594, 0.2997848391532898, 0.23977933824062347, 0.22726918756961823, 0.2645777761936188, 0.25781020522117615, 0.256756991147995, 0.2307741641998291, 0.23370297253131866, 0.22431866824626923, 0.2706228196620941, 0.22815851867198944, 0.2335888147354126, 0.22915571928024292, 0.22390946745872498, 0.24400468170642853, 0.2791481912136078, 0.22554779052734375, 0.22771228849887848, 0.2191682755947113, 0.23233510553836823, 0.24141566455364227, 0.2597973644733429, 0.20853272080421448, 0.21317307651042938, 0.20506690442562103, 0.22756025195121765, 0.21006761491298676, 0.20513668656349182, 0.20789355039596558, 0.21862776577472687, 0.2095157504081726, 0.2171512395143509, 0.2097916305065155, 0.21718397736549377, 0.2118287980556488], "train_mae": [6.184725284576416, 2.3114407062530518, 1.818670392036438, 1.4946484565734863, 1.282769799232483, 1.154098629951477, 0.9537374377250671, 0.7995694279670715, 0.6846742630004883, 0.5360798239707947, 0.6088463068008423, 0.5904731750488281, 0.5044465065002441, 0.4673985540866852, 0.44431328773498535, 0.4186044931411743, 0.4095868468284607, 0.3150521516799927, 0.37475571036338806, 0.3738694190979004, 0.3542977273464203, 0.3313388526439667, 0.3511931896209717, 0.2806759774684906, 0.2842220962047577, 0.27228298783302307, 0.24120381474494934, 0.23935462534427643, 0.28193721175193787, 0.20201937854290009, 0.2192138433456421, 0.21717922389507294, 0.2330942153930664, 0.21220296621322632, 0.18916849792003632, 0.2036869078874588, 0.20122604072093964, 0.23209400475025177, 0.20827323198318481, 0.18961387872695923, 0.19149529933929443, 0.20484720170497894, 0.20709054172039032, 0.2628977596759796, 0.20105938613414764, 0.19877371191978455, 0.187468484044075, 0.20450863242149353, 0.20488059520721436, 0.22340147197246552, 0.1721312701702118, 0.18393844366073608, 0.16752438247203827, 0.1799994856119156, 0.1770368069410324, 0.16428467631340027, 0.17469196021556854, 0.18697109818458557, 0.16920091211795807, 0.1615070253610611, 0.16515377163887024, 0.1588042825460434, 0.1628057360649109], "val_mae": [6.217258930206299, 2.343204975128174, 1.8645061254501343, 1.5423508882522583, 1.331519365310669, 1.1985254287719727, 0.9937248229980469, 0.843839168548584, 0.7225142121315002, 0.5761101841926575, 0.6411432027816772, 0.6284439563751221, 0.5366993546485901, 0.4992734491825104, 0.48883727192878723, 0.46690860390663147, 0.45747923851013184, 0.35453224182128906, 0.42097270488739014, 0.42124679684638977, 0.4014645218849182, 0.3750915825366974, 0.39227786660194397, 0.3306211531162262, 0.33851033449172974, 0.32789090275764465, 0.3039560914039612, 0.29767975211143494, 0.3316459655761719, 0.26406437158584595, 0.2831091582775116, 0.27983787655830383, 0.28935927152633667, 0.28221848607063293, 0.2543129622936249, 0.26547884941101074, 0.26280829310417175, 0.2961999177932739, 0.27308937907218933, 0.25358855724334717, 0.260585755109787, 0.267816424369812, 0.27372896671295166, 0.3245115578174591, 0.26953426003456116, 0.2654944956302643, 0.2548028528690338, 0.27436572313308716, 0.27341797947883606, 0.2929193079471588, 0.24571873247623444, 0.25241369009017944, 0.2402321696281433, 0.25095173716545105, 0.24428479373455048, 0.23508888483047485, 0.24616588652133942, 0.2578812837600708, 0.2409626692533493, 0.23341508209705353, 0.2356153279542923, 0.22995273768901825, 0.24136923253536224], "learning_rate": [0.0002, 0.0002, 0.0002, 0.0002, 0.0002, 0.0002, 0.0002, 0.0002, 0.0002, 0.0002, 0.0002, 0.0002, 0.0002, 0.0002, 0.0002, 0.0002, 0.0002, 0.0002, 0.0002, 0.0002, 0.0002, 0.0002, 0.0002, 0.0002, 0.0002, 0.0002, 0.0002, 0.0002, 0.0002, 0.0002, 0.0002, 0.0002, 0.0002, 0.0002, 0.0002, 0.0002, 0.0002, 0.0002, 0.0002, 0.0002, 0.0002, 0.0002, 0.0002, 0.0002, 0.0002, 0.0002, 0.0002, 0.0002, 0.0002, 0.0002, 0.0002, 0.0002, 0.0002, 0.0002, 0.0002, 0.0002, 0.0002, 0.0002, 0.0002, 0.0002, 0.0002, 0.0002, 0.0002]}