{"train_loss": [0.7478197813034058, 0.5981621146202087, 0.4263158440589905, 0.4761246144771576, 0.3867168426513672, 0.23806072771549225, 0.26213523745536804, 0.17097578942775726, 0.21560172736644745, 0.2625892758369446, 0.22364655137062073, 0.17522692680358887, 0.17587251961231232, 0.19884514808654785, 0.17895503342151642, 0.1610282063484192, 0.11443447321653366, 0.15478715300559998, 0.11640717089176178, 0.13226497173309326, 0.1435496211051941, 0.14382188022136688, 0.09676734358072281, 0.10567235946655273, 0.10267428308725357, 0.12594839930534363, 0.11956622451543808, 0.13069050014019012, 0.09563083201646805, 0.10887317359447479, 0.08723955601453781, 0.1027364656329155, 0.1484365463256836], "val_loss": [0.8166748285293579, 0.6579889059066772, 0.4735669791698456, 0.565266489982605, 0.45397016406059265, 0.31110814213752747, 0.34565332531929016, 0.2531006932258606, 0.28196144104003906, 0.34286683797836304, 0.3066910207271576, 0.25753313302993774, 0.2539845407009125, 0.28752920031547546, 0.2844886779785156, 0.25853225588798523, 0.20857089757919312, 0.26678866147994995, 0.21544671058654785, 0.24564935266971588, 0.25980475544929504, 0.26199689507484436, 0.2040703147649765, 0.2249217927455902, 0.23153173923492432, 0.2414046972990036, 0.25768840312957764, 0.237622931599617, 0.21385803818702698, 0.22897443175315857, 0.20571844279766083, 0.22932684421539307, 0.2813836634159088], "train_mae": [0.5896977782249451, 0.5561543703079224, 0.48111510276794434, 0.5195709466934204, 0.47605979442596436, 0.3259280025959015, 0.35907357931137085, 0.21916869282722473, 0.30308327078819275, 0.36406493186950684, 0.3333126902580261, 0.2548595666885376, 0.28317227959632874, 0.3087943196296692, 0.3006815016269684, 0.2731426954269409, 0.1934034675359726, 0.26899453997612, 0.20199568569660187, 0.2476217895746231, 0.2463155835866928, 0.259922057390213, 0.1885184943675995, 0.1979006826877594, 0.19932003319263458, 0.2266104370355606, 0.2400992065668106, 0.24593345820903778, 0.19797742366790771, 0.21280698478221893, 0.17924058437347412, 0.20787116885185242, 0.26292306184768677], "val_mae": [0.58450847864151, 0.554000735282898, 0.48894181847572327, 0.539858341217041, 0.4911549389362335, 0.35228413343429565, 0.38703709840774536, 0.2525251805782318, 0.3274862468242645, 0.3873821496963501, 0.3706853687763214, 0.28829100728034973, 0.3181554079055786, 0.3493219316005707, 0.340204656124115, 0.31324395537376404, 0.2331814169883728, 0.3120291233062744, 0.24991799890995026, 0.29517558217048645, 0.28900372982025146, 0.3027907609939575, 0.24000388383865356, 0.2414388656616211, 0.25863784551620483, 0.2707667946815491, 0.2938602864742279, 0.2881401479244232, 0.2502802014350891, 0.26647451519966125, 0.23916484415531158, 0.2634063959121704, 0.3218245208263397], "learning_rate": [0.0005, 0.0005, 0.0005, 0.0005, 0.0005, 0.0005, 0.0005, 0.0005, 0.0005, 0.0005, 0.0005, 0.0005, 0.0005, 0.0005, 0.0005, 0.0005, 0.0005, 0.0005, 0.0005, 0.0005, 0.0005, 0.0005, 0.0005, 0.0005, 0.0005, 0.0005, 0.0005, 0.0005, 0.0005, 0.0005, 0.0005, 0.0005, 0.0005]}